INSERT INTO category (id, name) VALUES (2, 'Geladeira');
INSERT INTO category (id, name) VALUES (3, 'Sistema de Segurança');
INSERT INTO category (id, name) VALUES (5, 'Secador de Cabelo');
INSERT INTO category (id, name) VALUES (1, 'Computador Servidor');
INSERT INTO category (id, name) VALUES (4, 'Cadeirinha de Montanhismo');
INSERT INTO feature (id, text_measure, type_measure, name, description, id_category, test_case) VALUES (1, ' ', 1, 'Quantidade Máxima de Processadores', 'Quantidade Máxima de Processadores', 1, 1);
INSERT INTO feature (id, text_measure, type_measure, name, description, id_category, test_case) VALUES (2, ' ', 1, 'Quantidade Máxima de Controladores de Memória', 'Quantidade Máxima de Controladores de Memória', 1, 1);
INSERT INTO feature (id, text_measure, type_measure, name, description, id_category, test_case) VALUES (4, ' ', 2, 'Tipo de Armazenamento', 'Tipo de Armazenamento', 1, 1);
INSERT INTO feature (id, text_measure, type_measure, name, description, id_category, test_case) VALUES (6, ' ', 2, 'Controladores RAID', 'Controladores RAID', 1, 1);
INSERT INTO feature (id, text_measure, type_measure, name, description, id_category, test_case) VALUES (7, ' ', 2, 'Controladora de Rede', 'Controladora de Rede', 1, 1);
INSERT INTO feature (id, text_measure, type_measure, name, description, id_category, test_case) VALUES (8, 'W', 1, 'Alimentação', 'Alimentação', 1, 1);
INSERT INTO feature (id, text_measure, type_measure, name, description, id_category, test_case) VALUES (5, 'PCIe', 1, 'Slots', 'Slot', 1, 1);
INSERT INTO feature (id, text_measure, type_measure, name, description, id_category, test_case) VALUES (3, 'TB', 2, 'Armazenamento Interno Máximo (Até)', 'Armazenamento Interno Máximo (Até)', 1, 1);
INSERT INTO product (id, description, image, price, name, id_category, test_case) VALUES (8, 'Praesent blandit lacinia erat. Vestibulum sed magna at nunc commodo placerat.', 'serv1.jpg', 6013.79004, 'Katz', 1, 1);
INSERT INTO product (id, description, image, price, name, id_category, test_case) VALUES (9, 'Nulla ut erat id mauris vulputate elementum. Nullam varius.', 'serv1.jpg', 8468.9502, 'Divavu', 1, 1);
INSERT INTO product (id, description, image, price, name, id_category, test_case) VALUES (10, 'Phasellus sit amet erat.', 'serv1.jpg', 2756.1001, 'Dynabox', 1, 1);
INSERT INTO product (id, description, image, price, name, id_category, test_case) VALUES (11, 'Nulla ut erat id mauris vulputate elementum. Nullam varius.', 'serv1.jpg', 2579.52002, 'Dabtype', 1, 1);
INSERT INTO product (id, description, image, price, name, id_category, test_case) VALUES (12, 'Praesent blandit lacinia erat.', 'serv1.jpg', 4943.33984, 'Browsetype', 1, 1);
INSERT INTO product (id, description, image, price, name, id_category, test_case) VALUES (13, 'Suspendisse potenti.', 'serv1.jpg', 1717.07996, 'Realblab', 1, 1);
INSERT INTO product (id, description, image, price, name, id_category, test_case) VALUES (14, 'Sed accumsan felis.', 'serv1.jpg', 5710.31006, 'Podcat', 1, 1);
INSERT INTO product (id, description, image, price, name, id_category, test_case) VALUES (15, 'Donec quis orci eget orci vehicula condimentum. Curabitur in libero ut massa volutpat convallis.', 'serv1.jpg', 8633.07031, 'Agimba', 1, 1);
INSERT INTO product (id, description, image, price, name, id_category, test_case) VALUES (16, 'Proin risus.', 'serv1.jpg', 3704.32007, 'Zoomzone', 1, 1);
INSERT INTO product (id, description, image, price, name, id_category, test_case) VALUES (17, 'Nulla facilisi. Cras non velit nec nisi vulputate nonummy. Maecenas tincidunt lacus at velit.', 'serv1.jpg', 3936.62988, 'Rhybox', 1, 1);
INSERT INTO product (id, description, image, price, name, id_category, test_case) VALUES (18, 'In eleifend quam a odio. In hac habitasse platea dictumst.', 'serv1.jpg', 4330.89014, 'Zooxo', 1, 1);
INSERT INTO product (id, description, image, price, name, id_category, test_case) VALUES (19, 'Proin at turpis a pede posuere nonummy.', 'serv1.jpg', 3628.63989, 'Devbug', 1, 1);
INSERT INTO product (id, description, image, price, name, id_category, test_case) VALUES (20, 'Donec quis orci eget orci vehicula condimentum. Curabitur in libero ut massa volutpat convallis.', 'serv1.jpg', 5292.95996, 'Abata', 1, 1);
INSERT INTO product (id, description, image, price, name, id_category, test_case) VALUES (21, 'Aenean auctor gravida sem.', 'serv1.jpg', 9317.01953, 'Cogilith', 1, 1);
INSERT INTO product (id, description, image, price, name, id_category, test_case) VALUES (22, 'Ut tellus.', 'serv1.jpg', 2149.8999, 'Dynabox', 1, 1);
INSERT INTO product (id, description, image, price, name, id_category, test_case) VALUES (23, 'Fusce consequat. Nulla nisl. Nunc nisl.', 'serv1.jpg', 5959.93018, 'Jaxworks', 1, 1);
INSERT INTO product (id, description, image, price, name, id_category, test_case) VALUES (24, 'Donec ut mauris eget massa tempor convallis.', 'serv1.jpg', 9090.16992, 'Photofeed', 1, 1);
INSERT INTO product (id, description, image, price, name, id_category, test_case) VALUES (25, 'Aliquam quis turpis eget elit sodales scelerisque.', 'serv1.jpg', 9499.17969, 'Katz', 1, 1);
INSERT INTO product (id, description, image, price, name, id_category, test_case) VALUES (26, 'Nulla tellus. In sagittis dui vel nisl. Duis ac nibh.', 'serv1.jpg', 4806.56982, 'Buzzshare', 1, 1);
INSERT INTO product (id, description, image, price, name, id_category, test_case) VALUES (27, 'In congue.', 'serv1.jpg', 9387.84961, 'Zoomzone', 1, 1);
INSERT INTO product (id, description, image, price, name, id_category, test_case) VALUES (28, 'Fusce consequat. Nulla nisl. Nunc nisl.', 'serv1.jpg', 8836.49023, 'Realbridge', 1, 1);
INSERT INTO product (id, description, image, price, name, id_category, test_case) VALUES (29, 'Nulla tellus. In sagittis dui vel nisl.', 'serv1.jpg', 2723.1001, 'Layo', 1, 1);
INSERT INTO product (id, description, image, price, name, id_category, test_case) VALUES (30, 'Duis mattis egestas metus. Aenean fermentum.', 'serv1.jpg', 6546.87988, 'Tavu', 1, 1);
INSERT INTO product (id, description, image, price, name, id_category, test_case) VALUES (31, 'Duis at velit eu est congue elementum.', 'serv1.jpg', 2028.31995, 'Meejo', 1, 1);
INSERT INTO product (id, description, image, price, name, id_category, test_case) VALUES (32, 'Donec dapibus.', 'serv1.jpg', 5916.2002, 'Quaxo', 1, 1);
INSERT INTO product (id, description, image, price, name, id_category, test_case) VALUES (33, 'Nulla suscipit ligula in lacus. Curabitur at ipsum ac tellus semper interdum.', 'serv1.jpg', 6209.00977, 'Yodel', 1, 1);
INSERT INTO product (id, description, image, price, name, id_category, test_case) VALUES (34, 'Vivamus vestibulum sagittis sapien.', 'serv1.jpg', 8157.31006, 'Kamba', 1, 1);
INSERT INTO product (id, description, image, price, name, id_category, test_case) VALUES (35, 'Aenean sit amet justo.', 'serv1.jpg', 2879.56006, 'Trilia', 1, 1);
INSERT INTO product (id, description, image, price, name, id_category, test_case) VALUES (36, 'Aliquam quis turpis eget elit sodales scelerisque. Mauris sit amet eros.', 'serv1.jpg', 4641.2002, 'Minyx', 1, 1);
INSERT INTO product (id, description, image, price, name, id_category, test_case) VALUES (37, 'Vestibulum ante ipsum primis in faucibus orci luctus et ultrices posuere cubilia Curae Duis faucibus accumsan odio. Curabitur convallis. Duis consequat dui nec nisi volutpat eleifend.', 'serv1.jpg', 4594.43018, 'Thoughtbeat', 1, 1);
INSERT INTO product (id, description, image, price, name, id_category, test_case) VALUES (38, 'Nullam porttitor lacus at turpis. Donec posuere metus vitae ipsum.', 'serv1.jpg', 3535.63989, 'Photobean', 1, 1);
INSERT INTO product (id, description, image, price, name, id_category, test_case) VALUES (39, 'Vivamus vel nulla eget eros elementum pellentesque. Quisque porta volutpat erat.', 'serv1.jpg', 6284.74023, 'Yata', 1, 1);
INSERT INTO product (id, description, image, price, name, id_category, test_case) VALUES (40, 'Morbi a ipsum. Integer a nibh.', 'serv1.jpg', 4307.06982, 'Meetz', 1, 1);
INSERT INTO product (id, description, image, price, name, id_category, test_case) VALUES (41, 'Aenean auctor gravida sem. Praesent id massa id nisl venenatis lacinia.', 'serv1.jpg', 4851.49023, 'Jabbertype', 1, 1);
INSERT INTO product (id, description, image, price, name, id_category, test_case) VALUES (42, 'Etiam justo.', 'serv1.jpg', 8133.83984, 'Mydo', 1, 1);
INSERT INTO product (id, description, image, price, name, id_category, test_case) VALUES (43, 'Sed accumsan felis.', 'serv1.jpg', 3374.30005, 'Topicstorm', 1, 1);
INSERT INTO product (id, description, image, price, name, id_category, test_case) VALUES (44, 'Nulla nisl. Nunc nisl.', 'serv1.jpg', 7522.58984, 'Bluejam', 1, 1);
INSERT INTO product (id, description, image, price, name, id_category, test_case) VALUES (45, 'In hac habitasse platea dictumst.', 'serv1.jpg', 1457.13, 'Thoughtstorm', 1, 1);
INSERT INTO product (id, description, image, price, name, id_category, test_case) VALUES (46, 'Cras non velit nec nisi vulputate nonummy.', 'serv1.jpg', 2227.6001, 'Tagpad', 1, 1);
INSERT INTO product (id, description, image, price, name, id_category, test_case) VALUES (47, 'Ut at dolor quis odio consequat varius. Integer ac leo. Pellentesque ultrices mattis odio.', 'serv1.jpg', 2081.96997, 'Quatz', 1, 1);
INSERT INTO product_feature (id_product, id_feature, value, id) VALUES (8, 1, '2', 1);
INSERT INTO product_feature (id_product, id_feature, value, id) VALUES (8, 2, '4', 2);
INSERT INTO product_feature (id_product, id_feature, value, id) VALUES (8, 3, '6', 3);
INSERT INTO product_feature (id_product, id_feature, value, id) VALUES (8, 4, '10', 4);
INSERT INTO product_feature (id_product, id_feature, value, id) VALUES (8, 5, '4', 5);
INSERT INTO product_feature (id_product, id_feature, value, id) VALUES (8, 6, '19', 6);
INSERT INTO product_feature (id_product, id_feature, value, id) VALUES (8, 7, '28', 7);
INSERT INTO product_feature (id_product, id_feature, value, id) VALUES (8, 8, '500', 8);
INSERT INTO product_feature (id_product, id_feature, value, id) VALUES (9, 1, '2', 10);
INSERT INTO product_feature (id_product, id_feature, value, id) VALUES (10, 1, '2', 11);
INSERT INTO product_feature (id_product, id_feature, value, id) VALUES (11, 1, '2', 12);
INSERT INTO product_feature (id_product, id_feature, value, id) VALUES (12, 1, '2', 13);
INSERT INTO product_feature (id_product, id_feature, value, id) VALUES (13, 1, '2', 14);
INSERT INTO product_feature (id_product, id_feature, value, id) VALUES (14, 1, '2', 15);
INSERT INTO product_feature (id_product, id_feature, value, id) VALUES (15, 1, '2', 16);
INSERT INTO product_feature (id_product, id_feature, value, id) VALUES (16, 1, '2', 17);
INSERT INTO product_feature (id_product, id_feature, value, id) VALUES (17, 1, '2', 18);
INSERT INTO product_feature (id_product, id_feature, value, id) VALUES (18, 1, '2', 19);
INSERT INTO product_feature (id_product, id_feature, value, id) VALUES (19, 1, '2', 20);
INSERT INTO product_feature (id_product, id_feature, value, id) VALUES (20, 1, '2', 21);
INSERT INTO product_feature (id_product, id_feature, value, id) VALUES (21, 1, '2', 22);
INSERT INTO product_feature (id_product, id_feature, value, id) VALUES (22, 1, '2', 23);
INSERT INTO product_feature (id_product, id_feature, value, id) VALUES (23, 1, '2', 24);
INSERT INTO product_feature (id_product, id_feature, value, id) VALUES (24, 1, '2', 25);
INSERT INTO product_feature (id_product, id_feature, value, id) VALUES (25, 1, '2', 26);
INSERT INTO product_feature (id_product, id_feature, value, id) VALUES (26, 1, '2', 27);
INSERT INTO product_feature (id_product, id_feature, value, id) VALUES (27, 1, '2', 28);
INSERT INTO product_feature (id_product, id_feature, value, id) VALUES (28, 1, '2', 29);
INSERT INTO product_feature (id_product, id_feature, value, id) VALUES (29, 1, '2', 30);
INSERT INTO product_feature (id_product, id_feature, value, id) VALUES (30, 1, '2', 31);
INSERT INTO product_feature (id_product, id_feature, value, id) VALUES (31, 1, '2', 32);
INSERT INTO product_feature (id_product, id_feature, value, id) VALUES (32, 1, '2', 33);
INSERT INTO product_feature (id_product, id_feature, value, id) VALUES (33, 1, '2', 34);
INSERT INTO product_feature (id_product, id_feature, value, id) VALUES (34, 1, '2', 35);
INSERT INTO product_feature (id_product, id_feature, value, id) VALUES (35, 1, '2', 36);
INSERT INTO product_feature (id_product, id_feature, value, id) VALUES (36, 1, '2', 37);
INSERT INTO product_feature (id_product, id_feature, value, id) VALUES (37, 1, '2', 38);
INSERT INTO product_feature (id_product, id_feature, value, id) VALUES (38, 1, '2', 39);
INSERT INTO product_feature (id_product, id_feature, value, id) VALUES (39, 1, '2', 40);
INSERT INTO product_feature (id_product, id_feature, value, id) VALUES (40, 1, '2', 41);
INSERT INTO product_feature (id_product, id_feature, value, id) VALUES (41, 1, '2', 42);
INSERT INTO product_feature (id_product, id_feature, value, id) VALUES (42, 1, '2', 43);
INSERT INTO product_feature (id_product, id_feature, value, id) VALUES (43, 1, '2', 44);
INSERT INTO product_feature (id_product, id_feature, value, id) VALUES (44, 1, '2', 45);
INSERT INTO product_feature (id_product, id_feature, value, id) VALUES (45, 1, '2', 46);
INSERT INTO product_feature (id_product, id_feature, value, id) VALUES (46, 1, '2', 47);
INSERT INTO product_feature (id_product, id_feature, value, id) VALUES (47, 1, '2', 48);
INSERT INTO product_feature (id_product, id_feature, value, id) VALUES (9, 2, '4', 49);
INSERT INTO product_feature (id_product, id_feature, value, id) VALUES (10, 2, '4', 50);
INSERT INTO product_feature (id_product, id_feature, value, id) VALUES (11, 2, '4', 51);
INSERT INTO product_feature (id_product, id_feature, value, id) VALUES (12, 2, '4', 52);
INSERT INTO product_feature (id_product, id_feature, value, id) VALUES (13, 2, '4', 53);
INSERT INTO product_feature (id_product, id_feature, value, id) VALUES (14, 2, '4', 54);
INSERT INTO product_feature (id_product, id_feature, value, id) VALUES (15, 2, '4', 55);
INSERT INTO product_feature (id_product, id_feature, value, id) VALUES (16, 2, '4', 56);
INSERT INTO product_feature (id_product, id_feature, value, id) VALUES (17, 2, '4', 57);
INSERT INTO product_feature (id_product, id_feature, value, id) VALUES (18, 2, '4', 58);
INSERT INTO product_feature (id_product, id_feature, value, id) VALUES (19, 2, '4', 59);
INSERT INTO product_feature (id_product, id_feature, value, id) VALUES (20, 2, '4', 60);
INSERT INTO product_feature (id_product, id_feature, value, id) VALUES (21, 2, '4', 61);
INSERT INTO product_feature (id_product, id_feature, value, id) VALUES (22, 2, '4', 62);
INSERT INTO product_feature (id_product, id_feature, value, id) VALUES (23, 2, '4', 63);
INSERT INTO product_feature (id_product, id_feature, value, id) VALUES (24, 2, '4', 64);
INSERT INTO product_feature (id_product, id_feature, value, id) VALUES (25, 2, '4', 65);
INSERT INTO product_feature (id_product, id_feature, value, id) VALUES (26, 2, '4', 66);
INSERT INTO product_feature (id_product, id_feature, value, id) VALUES (27, 2, '4', 67);
INSERT INTO product_feature (id_product, id_feature, value, id) VALUES (28, 2, '4', 68);
INSERT INTO product_feature (id_product, id_feature, value, id) VALUES (29, 2, '4', 69);
INSERT INTO product_feature (id_product, id_feature, value, id) VALUES (30, 2, '4', 70);
INSERT INTO product_feature (id_product, id_feature, value, id) VALUES (31, 2, '4', 71);
INSERT INTO product_feature (id_product, id_feature, value, id) VALUES (32, 2, '4', 72);
INSERT INTO product_feature (id_product, id_feature, value, id) VALUES (33, 2, '4', 73);
INSERT INTO product_feature (id_product, id_feature, value, id) VALUES (34, 2, '4', 74);
INSERT INTO product_feature (id_product, id_feature, value, id) VALUES (35, 2, '4', 75);
INSERT INTO product_feature (id_product, id_feature, value, id) VALUES (36, 2, '4', 76);
INSERT INTO product_feature (id_product, id_feature, value, id) VALUES (37, 2, '4', 77);
INSERT INTO product_feature (id_product, id_feature, value, id) VALUES (38, 2, '4', 78);
INSERT INTO product_feature (id_product, id_feature, value, id) VALUES (39, 2, '4', 79);
INSERT INTO product_feature (id_product, id_feature, value, id) VALUES (40, 2, '4', 80);
INSERT INTO product_feature (id_product, id_feature, value, id) VALUES (41, 2, '4', 81);
INSERT INTO product_feature (id_product, id_feature, value, id) VALUES (42, 2, '4', 82);
INSERT INTO product_feature (id_product, id_feature, value, id) VALUES (43, 2, '4', 83);
INSERT INTO product_feature (id_product, id_feature, value, id) VALUES (44, 2, '4', 84);
INSERT INTO product_feature (id_product, id_feature, value, id) VALUES (45, 2, '4', 85);
INSERT INTO product_feature (id_product, id_feature, value, id) VALUES (46, 2, '4', 86);
INSERT INTO product_feature (id_product, id_feature, value, id) VALUES (47, 2, '4', 87);
INSERT INTO product_feature (id_product, id_feature, value, id) VALUES (9, 3, '6', 88);
INSERT INTO product_feature (id_product, id_feature, value, id) VALUES (10, 3, '6', 89);
INSERT INTO product_feature (id_product, id_feature, value, id) VALUES (11, 3, '6', 90);
INSERT INTO product_feature (id_product, id_feature, value, id) VALUES (12, 3, '6', 91);
INSERT INTO product_feature (id_product, id_feature, value, id) VALUES (13, 3, '6', 92);
INSERT INTO product_feature (id_product, id_feature, value, id) VALUES (14, 3, '6', 93);
INSERT INTO product_feature (id_product, id_feature, value, id) VALUES (15, 3, '6', 94);
INSERT INTO product_feature (id_product, id_feature, value, id) VALUES (16, 3, '6', 95);
INSERT INTO product_feature (id_product, id_feature, value, id) VALUES (17, 3, '6', 96);
INSERT INTO product_feature (id_product, id_feature, value, id) VALUES (18, 3, '6', 97);
INSERT INTO product_feature (id_product, id_feature, value, id) VALUES (19, 3, '6', 98);
INSERT INTO product_feature (id_product, id_feature, value, id) VALUES (20, 3, '6', 99);
INSERT INTO product_feature (id_product, id_feature, value, id) VALUES (21, 3, '6', 100);
INSERT INTO product_feature (id_product, id_feature, value, id) VALUES (22, 3, '6', 101);
INSERT INTO product_feature (id_product, id_feature, value, id) VALUES (23, 3, '6', 102);
INSERT INTO product_feature (id_product, id_feature, value, id) VALUES (24, 3, '6', 103);
INSERT INTO product_feature (id_product, id_feature, value, id) VALUES (25, 3, '6', 104);
INSERT INTO product_feature (id_product, id_feature, value, id) VALUES (26, 3, '6', 105);
INSERT INTO product_feature (id_product, id_feature, value, id) VALUES (27, 3, '6', 106);
INSERT INTO product_feature (id_product, id_feature, value, id) VALUES (28, 3, '6', 107);
INSERT INTO product_feature (id_product, id_feature, value, id) VALUES (29, 3, '6', 108);
INSERT INTO product_feature (id_product, id_feature, value, id) VALUES (30, 3, '6', 109);
INSERT INTO product_feature (id_product, id_feature, value, id) VALUES (31, 3, '6', 110);
INSERT INTO product_feature (id_product, id_feature, value, id) VALUES (32, 3, '6', 111);
INSERT INTO product_feature (id_product, id_feature, value, id) VALUES (33, 3, '6', 112);
INSERT INTO product_feature (id_product, id_feature, value, id) VALUES (34, 3, '6', 113);
INSERT INTO product_feature (id_product, id_feature, value, id) VALUES (35, 3, '6', 114);
INSERT INTO product_feature (id_product, id_feature, value, id) VALUES (36, 3, '6', 115);
INSERT INTO product_feature (id_product, id_feature, value, id) VALUES (37, 3, '6', 116);
INSERT INTO product_feature (id_product, id_feature, value, id) VALUES (38, 3, '6', 117);
INSERT INTO product_feature (id_product, id_feature, value, id) VALUES (39, 3, '6', 118);
INSERT INTO product_feature (id_product, id_feature, value, id) VALUES (40, 3, '6', 119);
INSERT INTO product_feature (id_product, id_feature, value, id) VALUES (41, 3, '6', 120);
INSERT INTO product_feature (id_product, id_feature, value, id) VALUES (42, 3, '6', 121);
INSERT INTO product_feature (id_product, id_feature, value, id) VALUES (43, 3, '6', 122);
INSERT INTO product_feature (id_product, id_feature, value, id) VALUES (44, 3, '6', 123);
INSERT INTO product_feature (id_product, id_feature, value, id) VALUES (45, 3, '6', 124);
INSERT INTO product_feature (id_product, id_feature, value, id) VALUES (46, 3, '6', 125);
INSERT INTO product_feature (id_product, id_feature, value, id) VALUES (47, 3, '6', 126);
INSERT INTO product_feature (id_product, id_feature, value, id) VALUES (9, 4, '10', 127);
INSERT INTO product_feature (id_product, id_feature, value, id) VALUES (10, 4, '10', 128);
INSERT INTO product_feature (id_product, id_feature, value, id) VALUES (11, 4, '10', 129);
INSERT INTO product_feature (id_product, id_feature, value, id) VALUES (12, 4, '10', 130);
INSERT INTO product_feature (id_product, id_feature, value, id) VALUES (13, 4, '10', 131);
INSERT INTO product_feature (id_product, id_feature, value, id) VALUES (14, 4, '10', 132);
INSERT INTO product_feature (id_product, id_feature, value, id) VALUES (15, 4, '10', 133);
INSERT INTO product_feature (id_product, id_feature, value, id) VALUES (16, 4, '10', 134);
INSERT INTO product_feature (id_product, id_feature, value, id) VALUES (17, 4, '10', 135);
INSERT INTO product_feature (id_product, id_feature, value, id) VALUES (18, 4, '10', 136);
INSERT INTO product_feature (id_product, id_feature, value, id) VALUES (19, 4, '10', 137);
INSERT INTO product_feature (id_product, id_feature, value, id) VALUES (20, 4, '10', 138);
INSERT INTO product_feature (id_product, id_feature, value, id) VALUES (21, 4, '10', 139);
INSERT INTO product_feature (id_product, id_feature, value, id) VALUES (22, 4, '10', 140);
INSERT INTO product_feature (id_product, id_feature, value, id) VALUES (23, 4, '10', 141);
INSERT INTO product_feature (id_product, id_feature, value, id) VALUES (24, 4, '10', 142);
INSERT INTO product_feature (id_product, id_feature, value, id) VALUES (25, 4, '10', 143);
INSERT INTO product_feature (id_product, id_feature, value, id) VALUES (26, 4, '10', 144);
INSERT INTO product_feature (id_product, id_feature, value, id) VALUES (27, 4, '10', 145);
INSERT INTO product_feature (id_product, id_feature, value, id) VALUES (28, 4, '10', 146);
INSERT INTO product_feature (id_product, id_feature, value, id) VALUES (29, 4, '10', 147);
INSERT INTO product_feature (id_product, id_feature, value, id) VALUES (30, 4, '10', 148);
INSERT INTO product_feature (id_product, id_feature, value, id) VALUES (31, 4, '10', 149);
INSERT INTO product_feature (id_product, id_feature, value, id) VALUES (32, 4, '10', 150);
INSERT INTO product_feature (id_product, id_feature, value, id) VALUES (33, 4, '10', 151);
INSERT INTO product_feature (id_product, id_feature, value, id) VALUES (34, 4, '10', 152);
INSERT INTO product_feature (id_product, id_feature, value, id) VALUES (35, 4, '10', 153);
INSERT INTO product_feature (id_product, id_feature, value, id) VALUES (36, 4, '10', 154);
INSERT INTO product_feature (id_product, id_feature, value, id) VALUES (37, 4, '10', 155);
INSERT INTO product_feature (id_product, id_feature, value, id) VALUES (38, 4, '10', 156);
INSERT INTO product_feature (id_product, id_feature, value, id) VALUES (39, 4, '10', 157);
INSERT INTO product_feature (id_product, id_feature, value, id) VALUES (40, 4, '10', 158);
INSERT INTO product_feature (id_product, id_feature, value, id) VALUES (41, 4, '10', 159);
INSERT INTO product_feature (id_product, id_feature, value, id) VALUES (42, 4, '10', 160);
INSERT INTO product_feature (id_product, id_feature, value, id) VALUES (43, 4, '10', 161);
INSERT INTO product_feature (id_product, id_feature, value, id) VALUES (44, 4, '10', 162);
INSERT INTO product_feature (id_product, id_feature, value, id) VALUES (45, 4, '10', 163);
INSERT INTO product_feature (id_product, id_feature, value, id) VALUES (46, 4, '10', 164);
INSERT INTO product_feature (id_product, id_feature, value, id) VALUES (47, 4, '10', 165);
INSERT INTO product_feature (id_product, id_feature, value, id) VALUES (9, 5, '4', 166);
INSERT INTO product_feature (id_product, id_feature, value, id) VALUES (10, 5, '4', 167);
INSERT INTO product_feature (id_product, id_feature, value, id) VALUES (11, 5, '4', 168);
INSERT INTO product_feature (id_product, id_feature, value, id) VALUES (12, 5, '4', 169);
INSERT INTO product_feature (id_product, id_feature, value, id) VALUES (13, 5, '4', 170);
INSERT INTO product_feature (id_product, id_feature, value, id) VALUES (14, 5, '4', 171);
INSERT INTO product_feature (id_product, id_feature, value, id) VALUES (15, 5, '4', 172);
INSERT INTO product_feature (id_product, id_feature, value, id) VALUES (16, 5, '4', 173);
INSERT INTO product_feature (id_product, id_feature, value, id) VALUES (17, 5, '4', 174);
INSERT INTO product_feature (id_product, id_feature, value, id) VALUES (18, 5, '4', 175);
INSERT INTO product_feature (id_product, id_feature, value, id) VALUES (19, 5, '4', 176);
INSERT INTO product_feature (id_product, id_feature, value, id) VALUES (20, 5, '4', 177);
INSERT INTO product_feature (id_product, id_feature, value, id) VALUES (21, 5, '4', 178);
INSERT INTO product_feature (id_product, id_feature, value, id) VALUES (22, 5, '4', 179);
INSERT INTO product_feature (id_product, id_feature, value, id) VALUES (23, 5, '4', 180);
INSERT INTO product_feature (id_product, id_feature, value, id) VALUES (24, 5, '4', 181);
INSERT INTO product_feature (id_product, id_feature, value, id) VALUES (25, 5, '4', 182);
INSERT INTO product_feature (id_product, id_feature, value, id) VALUES (26, 5, '4', 183);
INSERT INTO product_feature (id_product, id_feature, value, id) VALUES (27, 5, '4', 184);
INSERT INTO product_feature (id_product, id_feature, value, id) VALUES (28, 5, '4', 185);
INSERT INTO product_feature (id_product, id_feature, value, id) VALUES (29, 5, '4', 186);
INSERT INTO product_feature (id_product, id_feature, value, id) VALUES (30, 5, '4', 187);
INSERT INTO product_feature (id_product, id_feature, value, id) VALUES (31, 5, '4', 188);
INSERT INTO product_feature (id_product, id_feature, value, id) VALUES (32, 5, '4', 189);
INSERT INTO product_feature (id_product, id_feature, value, id) VALUES (33, 5, '4', 190);
INSERT INTO product_feature (id_product, id_feature, value, id) VALUES (34, 5, '4', 191);
INSERT INTO product_feature (id_product, id_feature, value, id) VALUES (35, 5, '4', 192);
INSERT INTO product_feature (id_product, id_feature, value, id) VALUES (36, 5, '4', 193);
INSERT INTO product_feature (id_product, id_feature, value, id) VALUES (37, 5, '4', 194);
INSERT INTO product_feature (id_product, id_feature, value, id) VALUES (38, 5, '4', 195);
INSERT INTO product_feature (id_product, id_feature, value, id) VALUES (39, 5, '4', 196);
INSERT INTO product_feature (id_product, id_feature, value, id) VALUES (40, 5, '4', 197);
INSERT INTO product_feature (id_product, id_feature, value, id) VALUES (41, 5, '4', 198);
INSERT INTO product_feature (id_product, id_feature, value, id) VALUES (42, 5, '4', 199);
INSERT INTO product_feature (id_product, id_feature, value, id) VALUES (43, 5, '4', 200);
INSERT INTO product_feature (id_product, id_feature, value, id) VALUES (44, 5, '4', 201);
INSERT INTO product_feature (id_product, id_feature, value, id) VALUES (45, 5, '4', 202);
INSERT INTO product_feature (id_product, id_feature, value, id) VALUES (46, 5, '4', 203);
INSERT INTO product_feature (id_product, id_feature, value, id) VALUES (47, 5, '4', 204);
INSERT INTO product_feature (id_product, id_feature, value, id) VALUES (9, 6, '19', 205);
INSERT INTO product_feature (id_product, id_feature, value, id) VALUES (10, 6, '19', 206);
INSERT INTO product_feature (id_product, id_feature, value, id) VALUES (11, 6, '19', 207);
INSERT INTO product_feature (id_product, id_feature, value, id) VALUES (12, 6, '19', 208);
INSERT INTO product_feature (id_product, id_feature, value, id) VALUES (13, 6, '19', 209);
INSERT INTO product_feature (id_product, id_feature, value, id) VALUES (14, 6, '19', 210);
INSERT INTO product_feature (id_product, id_feature, value, id) VALUES (15, 6, '19', 211);
INSERT INTO product_feature (id_product, id_feature, value, id) VALUES (16, 6, '19', 212);
INSERT INTO product_feature (id_product, id_feature, value, id) VALUES (17, 6, '19', 213);
INSERT INTO product_feature (id_product, id_feature, value, id) VALUES (18, 6, '19', 214);
INSERT INTO product_feature (id_product, id_feature, value, id) VALUES (19, 6, '19', 215);
INSERT INTO product_feature (id_product, id_feature, value, id) VALUES (20, 6, '19', 216);
INSERT INTO product_feature (id_product, id_feature, value, id) VALUES (21, 6, '19', 217);
INSERT INTO product_feature (id_product, id_feature, value, id) VALUES (22, 6, '19', 218);
INSERT INTO product_feature (id_product, id_feature, value, id) VALUES (23, 6, '19', 219);
INSERT INTO product_feature (id_product, id_feature, value, id) VALUES (24, 6, '19', 220);
INSERT INTO product_feature (id_product, id_feature, value, id) VALUES (25, 6, '19', 221);
INSERT INTO product_feature (id_product, id_feature, value, id) VALUES (26, 6, '19', 222);
INSERT INTO product_feature (id_product, id_feature, value, id) VALUES (27, 6, '19', 223);
INSERT INTO product_feature (id_product, id_feature, value, id) VALUES (28, 6, '19', 224);
INSERT INTO product_feature (id_product, id_feature, value, id) VALUES (29, 6, '19', 225);
INSERT INTO product_feature (id_product, id_feature, value, id) VALUES (30, 6, '19', 226);
INSERT INTO product_feature (id_product, id_feature, value, id) VALUES (31, 6, '19', 227);
INSERT INTO product_feature (id_product, id_feature, value, id) VALUES (32, 6, '19', 228);
INSERT INTO product_feature (id_product, id_feature, value, id) VALUES (33, 6, '19', 229);
INSERT INTO product_feature (id_product, id_feature, value, id) VALUES (34, 6, '19', 230);
INSERT INTO product_feature (id_product, id_feature, value, id) VALUES (35, 6, '19', 231);
INSERT INTO product_feature (id_product, id_feature, value, id) VALUES (36, 6, '19', 232);
INSERT INTO product_feature (id_product, id_feature, value, id) VALUES (37, 6, '19', 233);
INSERT INTO product_feature (id_product, id_feature, value, id) VALUES (38, 6, '19', 234);
INSERT INTO product_feature (id_product, id_feature, value, id) VALUES (39, 6, '19', 235);
INSERT INTO product_feature (id_product, id_feature, value, id) VALUES (40, 6, '19', 236);
INSERT INTO product_feature (id_product, id_feature, value, id) VALUES (41, 6, '19', 237);
INSERT INTO product_feature (id_product, id_feature, value, id) VALUES (42, 6, '19', 238);
INSERT INTO product_feature (id_product, id_feature, value, id) VALUES (43, 6, '19', 239);
INSERT INTO product_feature (id_product, id_feature, value, id) VALUES (44, 6, '19', 240);
INSERT INTO product_feature (id_product, id_feature, value, id) VALUES (45, 6, '19', 241);
INSERT INTO product_feature (id_product, id_feature, value, id) VALUES (46, 6, '19', 242);
INSERT INTO product_feature (id_product, id_feature, value, id) VALUES (47, 6, '19', 243);
INSERT INTO product_feature (id_product, id_feature, value, id) VALUES (9, 7, '28', 244);
INSERT INTO product_feature (id_product, id_feature, value, id) VALUES (10, 7, '28', 245);
INSERT INTO product_feature (id_product, id_feature, value, id) VALUES (11, 7, '28', 246);
INSERT INTO product_feature (id_product, id_feature, value, id) VALUES (12, 7, '28', 247);
INSERT INTO product_feature (id_product, id_feature, value, id) VALUES (13, 7, '28', 248);
INSERT INTO product_feature (id_product, id_feature, value, id) VALUES (14, 7, '28', 249);
INSERT INTO product_feature (id_product, id_feature, value, id) VALUES (15, 7, '28', 250);
INSERT INTO product_feature (id_product, id_feature, value, id) VALUES (16, 7, '28', 251);
INSERT INTO product_feature (id_product, id_feature, value, id) VALUES (17, 7, '28', 252);
INSERT INTO product_feature (id_product, id_feature, value, id) VALUES (18, 7, '28', 253);
INSERT INTO product_feature (id_product, id_feature, value, id) VALUES (19, 7, '28', 254);
INSERT INTO product_feature (id_product, id_feature, value, id) VALUES (20, 7, '28', 255);
INSERT INTO product_feature (id_product, id_feature, value, id) VALUES (21, 7, '28', 256);
INSERT INTO product_feature (id_product, id_feature, value, id) VALUES (22, 7, '28', 257);
INSERT INTO product_feature (id_product, id_feature, value, id) VALUES (23, 7, '28', 258);
INSERT INTO product_feature (id_product, id_feature, value, id) VALUES (24, 7, '28', 259);
INSERT INTO product_feature (id_product, id_feature, value, id) VALUES (25, 7, '28', 260);
INSERT INTO product_feature (id_product, id_feature, value, id) VALUES (26, 7, '28', 261);
INSERT INTO product_feature (id_product, id_feature, value, id) VALUES (27, 7, '28', 262);
INSERT INTO product_feature (id_product, id_feature, value, id) VALUES (28, 7, '28', 263);
INSERT INTO product_feature (id_product, id_feature, value, id) VALUES (29, 7, '28', 264);
INSERT INTO product_feature (id_product, id_feature, value, id) VALUES (30, 7, '28', 265);
INSERT INTO product_feature (id_product, id_feature, value, id) VALUES (31, 7, '28', 266);
INSERT INTO product_feature (id_product, id_feature, value, id) VALUES (32, 7, '28', 267);
INSERT INTO product_feature (id_product, id_feature, value, id) VALUES (33, 7, '28', 268);
INSERT INTO product_feature (id_product, id_feature, value, id) VALUES (34, 7, '28', 269);
INSERT INTO product_feature (id_product, id_feature, value, id) VALUES (35, 7, '28', 270);
INSERT INTO product_feature (id_product, id_feature, value, id) VALUES (36, 7, '28', 271);
INSERT INTO product_feature (id_product, id_feature, value, id) VALUES (37, 7, '28', 272);
INSERT INTO product_feature (id_product, id_feature, value, id) VALUES (38, 7, '28', 273);
INSERT INTO product_feature (id_product, id_feature, value, id) VALUES (39, 7, '28', 274);
INSERT INTO product_feature (id_product, id_feature, value, id) VALUES (40, 7, '28', 275);
INSERT INTO product_feature (id_product, id_feature, value, id) VALUES (41, 7, '28', 276);
INSERT INTO product_feature (id_product, id_feature, value, id) VALUES (42, 7, '28', 277);
INSERT INTO product_feature (id_product, id_feature, value, id) VALUES (43, 7, '28', 278);
INSERT INTO product_feature (id_product, id_feature, value, id) VALUES (44, 7, '28', 279);
INSERT INTO product_feature (id_product, id_feature, value, id) VALUES (45, 7, '28', 280);
INSERT INTO product_feature (id_product, id_feature, value, id) VALUES (46, 7, '28', 281);
INSERT INTO product_feature (id_product, id_feature, value, id) VALUES (47, 7, '28', 282);
INSERT INTO product_feature (id_product, id_feature, value, id) VALUES (9, 8, '500', 283);
INSERT INTO product_feature (id_product, id_feature, value, id) VALUES (10, 8, '500', 284);
INSERT INTO product_feature (id_product, id_feature, value, id) VALUES (11, 8, '500', 285);
INSERT INTO product_feature (id_product, id_feature, value, id) VALUES (12, 8, '500', 286);
INSERT INTO product_feature (id_product, id_feature, value, id) VALUES (13, 8, '500', 287);
INSERT INTO product_feature (id_product, id_feature, value, id) VALUES (14, 8, '500', 288);
INSERT INTO product_feature (id_product, id_feature, value, id) VALUES (15, 8, '500', 289);
INSERT INTO product_feature (id_product, id_feature, value, id) VALUES (16, 8, '500', 290);
INSERT INTO product_feature (id_product, id_feature, value, id) VALUES (17, 8, '500', 291);
INSERT INTO product_feature (id_product, id_feature, value, id) VALUES (18, 8, '500', 292);
INSERT INTO product_feature (id_product, id_feature, value, id) VALUES (19, 8, '500', 293);
INSERT INTO product_feature (id_product, id_feature, value, id) VALUES (20, 8, '500', 294);
INSERT INTO product_feature (id_product, id_feature, value, id) VALUES (21, 8, '500', 295);
INSERT INTO product_feature (id_product, id_feature, value, id) VALUES (22, 8, '500', 296);
INSERT INTO product_feature (id_product, id_feature, value, id) VALUES (23, 8, '500', 297);
INSERT INTO product_feature (id_product, id_feature, value, id) VALUES (24, 8, '500', 298);
INSERT INTO product_feature (id_product, id_feature, value, id) VALUES (25, 8, '500', 299);
INSERT INTO product_feature (id_product, id_feature, value, id) VALUES (26, 8, '500', 300);
INSERT INTO product_feature (id_product, id_feature, value, id) VALUES (27, 8, '500', 301);
INSERT INTO product_feature (id_product, id_feature, value, id) VALUES (28, 8, '500', 302);
INSERT INTO product_feature (id_product, id_feature, value, id) VALUES (29, 8, '500', 303);
INSERT INTO product_feature (id_product, id_feature, value, id) VALUES (30, 8, '500', 304);
INSERT INTO product_feature (id_product, id_feature, value, id) VALUES (31, 8, '500', 305);
INSERT INTO product_feature (id_product, id_feature, value, id) VALUES (32, 8, '500', 306);
INSERT INTO product_feature (id_product, id_feature, value, id) VALUES (33, 8, '500', 307);
INSERT INTO product_feature (id_product, id_feature, value, id) VALUES (34, 8, '500', 308);
INSERT INTO product_feature (id_product, id_feature, value, id) VALUES (35, 8, '500', 309);
INSERT INTO product_feature (id_product, id_feature, value, id) VALUES (36, 8, '500', 310);
INSERT INTO product_feature (id_product, id_feature, value, id) VALUES (37, 8, '500', 311);
INSERT INTO product_feature (id_product, id_feature, value, id) VALUES (38, 8, '500', 312);
INSERT INTO product_feature (id_product, id_feature, value, id) VALUES (39, 8, '500', 313);
INSERT INTO product_feature (id_product, id_feature, value, id) VALUES (40, 8, '500', 314);
INSERT INTO product_feature (id_product, id_feature, value, id) VALUES (41, 8, '500', 315);
INSERT INTO product_feature (id_product, id_feature, value, id) VALUES (42, 8, '500', 316);
INSERT INTO product_feature (id_product, id_feature, value, id) VALUES (43, 8, '500', 317);
INSERT INTO product_feature (id_product, id_feature, value, id) VALUES (44, 8, '500', 318);
INSERT INTO product_feature (id_product, id_feature, value, id) VALUES (45, 8, '500', 319);
INSERT INTO product_feature (id_product, id_feature, value, id) VALUES (46, 8, '500', 320);
INSERT INTO product_feature (id_product, id_feature, value, id) VALUES (47, 8, '500', 321);
INSERT INTO value_feature (id, value_option) VALUES (1, '2');
INSERT INTO value_feature (id, value_option) VALUES (2, '32');
INSERT INTO value_feature (id, value_option) VALUES (3, '2');
INSERT INTO value_feature (id, value_option) VALUES (4, '24');
INSERT INTO value_feature (id, value_option) VALUES (5, '12');
INSERT INTO value_feature (id, value_option) VALUES (6, '24');
INSERT INTO value_feature (id, value_option) VALUES (7, '32');
INSERT INTO value_feature (id, value_option) VALUES (9, 'SAS nearline (7.200)');
INSERT INTO value_feature (id, value_option) VALUES (10, 'SATA (7.200)');
INSERT INTO value_feature (id, value_option) VALUES (8, 'SAS de 3,5" (10.000, 15.000)');
INSERT INTO value_feature (id, value_option) VALUES (11, 'SSD SAS');
INSERT INTO value_feature (id, value_option) VALUES (12, 'SSD SATA ');
INSERT INTO value_feature (id, value_option) VALUES (13, 'SATA de 3,5”');
INSERT INTO value_feature (id, value_option) VALUES (14, '2');
INSERT INTO value_feature (id, value_option) VALUES (15, '5');
INSERT INTO value_feature (id, value_option) VALUES (16, 'PERC H200 (6 Gbit/s) ');
INSERT INTO value_feature (id, value_option) VALUES (17, 'PERC S100 (com base em software)');
INSERT INTO value_feature (id, value_option) VALUES (18, 'PERC S300 (com base em software) ');
INSERT INTO value_feature (id, value_option) VALUES (19, 'HBA SAS de 6 Gbit/s');
INSERT INTO value_feature (id, value_option) VALUES (20, 'PERC S110 (SW RAID)');
INSERT INTO value_feature (id, value_option) VALUES (21, 'PERC H310');
INSERT INTO value_feature (id, value_option) VALUES (22, 'PERC H710');
INSERT INTO value_feature (id, value_option) VALUES (23, 'PERC H710P');
INSERT INTO value_feature (id, value_option) VALUES (24, 'PERC H810');
INSERT INTO value_feature (id, value_option) VALUES (25, 'PERC Η730');
INSERT INTO value_feature (id, value_option) VALUES (26, 'PERC Η730P');
INSERT INTO value_feature (id, value_option) VALUES (27, 'PERC Η830');
INSERT INTO value_feature (id, value_option) VALUES (28, 'Broadcom BCM 5722 de porta única');
INSERT INTO value_feature (id, value_option) VALUES (29, 'LOM Broadcom® de 1 GbE de duas portas');
INSERT INTO value_feature (id, value_option) VALUES (30, '2 LOMs 1GbE');
INSERT INTO value_feature (id, value_option) VALUES (31, '305');
INSERT INTO value_feature (id, value_option) VALUES (32, '1100');
INSERT INTO value_group (id_value, id_feature) VALUES (1, 1);
INSERT INTO value_group (id_value, id_feature) VALUES (2, 1);
INSERT INTO value_group (id_value, id_feature) VALUES (3, 2);
INSERT INTO value_group (id_value, id_feature) VALUES (4, 2);
INSERT INTO value_group (id_value, id_feature) VALUES (5, 3);
INSERT INTO value_group (id_value, id_feature) VALUES (6, 3);
INSERT INTO value_group (id_value, id_feature) VALUES (7, 3);
INSERT INTO value_group (id_value, id_feature) VALUES (8, 4);
INSERT INTO value_group (id_value, id_feature) VALUES (9, 4);
INSERT INTO value_group (id_value, id_feature) VALUES (10, 4);
INSERT INTO value_group (id_value, id_feature) VALUES (11, 4);
INSERT INTO value_group (id_value, id_feature) VALUES (12, 4);
INSERT INTO value_group (id_value, id_feature) VALUES (13, 4);
INSERT INTO value_group (id_value, id_feature) VALUES (14, 5);
INSERT INTO value_group (id_value, id_feature) VALUES (15, 5);
INSERT INTO value_group (id_value, id_feature) VALUES (16, 6);
INSERT INTO value_group (id_value, id_feature) VALUES (17, 6);
INSERT INTO value_group (id_value, id_feature) VALUES (18, 6);
INSERT INTO value_group (id_value, id_feature) VALUES (19, 6);
INSERT INTO value_group (id_value, id_feature) VALUES (20, 6);
INSERT INTO value_group (id_value, id_feature) VALUES (21, 6);
INSERT INTO value_group (id_value, id_feature) VALUES (22, 6);
INSERT INTO value_group (id_value, id_feature) VALUES (23, 6);
INSERT INTO value_group (id_value, id_feature) VALUES (24, 6);
INSERT INTO value_group (id_value, id_feature) VALUES (25, 6);
INSERT INTO value_group (id_value, id_feature) VALUES (26, 6);
INSERT INTO value_group (id_value, id_feature) VALUES (27, 6);
INSERT INTO value_group (id_value, id_feature) VALUES (28, 7);
INSERT INTO value_group (id_value, id_feature) VALUES (29, 7);
INSERT INTO value_group (id_value, id_feature) VALUES (30, 7);
INSERT INTO value_group (id_value, id_feature) VALUES (31, 8);
INSERT INTO value_group (id_value, id_feature) VALUES (32, 8);